sp_name,count
Carvana,1876
Dorian Ford,1231
Dick Huvaere's Richmond Chrysler Dodge Jeep RAM,961
Dana Ford Lincoln,942
Danbury Hyundai CDJR Kia,941
Shea Chevrolet Buick GMC,940
Banks Chevrolet Cadillac Buick GMC,937
Quirk Chevrolet,936
Pat Milliken Ford,903
Open Road Honda,859
Boch Honda,857
Feldman Chevrolet of Highland,813
Feldman Chevrolet of Novi,813
Ray Skillman Ford,806
Serra Buick GMC Cadillac Kia,800
DCH Paramus Honda,800
Tasca Ford Cranston,770
DARCARS Toyota of Silver Spring,765
Auto Spot LLC.,749
Fullerton Auto Group,746
Sundance Chevrolet Buick GMC,736
Serra Ford Rochester Hills,730
Route 46 Chrysler Jeep Dodge,692
Koons Ford of Baltimore,691
LaFontaine Cadillac Buick GMC,684
Bayside Chrysler Jeep Dodge,682
Koon's Ford Lincoln Mazda of Silver Spring,669
CarVision Mitsubishi,652
Apollo Auto Sales,648
DCH Kay Honda,647
Golling FIAT Chrysler Dodge Jeep Ram,641
Irwin Automotive Group,630
Jim Coleman Honda,627
Conicelli Toyota of Conshohocken,626
MajorWorld.com,614
Team Nissan,606
Colonial Ford,590
Varsity Lincoln,589
Mercedes-Benz of Rockville Centre,583
AutoFair Honda in Manchester,565
Koons Westminster Toyota,564
Feldman Chevrolet of New Hudson,563
Martin Mazda,562
Todd Wenzel Buick GMC of Westland,552
Mercedes-Benz of Paramus,548
Automotive Avenues,548
Edison Nissan,546
DCH Academy Honda,541
Honda Of Staten Island,541
Avis Ford Inc,540
Conicelli Hyundai,534
Elder Ford of Romeo,530
Currie Motors Ford of Valpo,530
Stamford Hyundai,525
A Better Way Wholesale,524
ESK Investments dba Northland CDJR,521
Lasco Ford,520
East Hills Chrysler Jeep Dodge,518
Imperial Ford,517
Conicelli Honda,511
Matthews-Hargreaves Chevrolet,510
"Jack Madden Ford Sales, Inc.",501
Serra Chevrolet,500
Koeppel Nissan,500
Honda of New Rochelle,500
Fitzgerald Hyundai Subaru of Rockville,496
Apple Ford Lincoln,495
Pilson Auto Center,495
Webb Ford Inc,493
Davis Honda,491
Harold Zeigler Ford,491
Hamilton Chevrolet,491
Destination KIA,489
Lindsay Ford of Wheaton,487
Jerry's Toyota,484
Sellers Automotive Inc.,484
Stamford Ford Lincoln,483
Sterling Heights Chrysler Dodge Jeep,481
Tarbox Hyundai,481
"Berlin City Auto Group Gorham, NH",479
King Volkswagen,476
Ford & Lincoln of Smithtown,465
Tarrytown Honda,462
Sarat Ford,461
Brondes Ford Lincoln Maumee,459
Koons Falls Church Ford,458
Hines Park Ford,458
Atlantic Chevrolet Cadillac,458
All American Ford & Mazda of Point Pleasant,458
Portsmouth Ford Lincoln,457
Merchants Automotive Group,453
Expressway Toyota,451
Flagship Motorcars of Lynnfield,451
Brighton Ford,450
Saratoga Honda,448
Bob Maxey Ford of Howell,447
George Wall Ford,443
AutoFair Ford,441
Toyota of Hackensack,441
Crest Ford Incorporated,441
Woburn Toyota,437
Bill Dube Ford Toyota,433
Phillips Chevrolet of Frankfort,431
Porter Chevrolet,426
Ramsey Volvo,425
Dan O'Brien Kia Concord,425
South Oak Dodge Chrysler Jeep,423
Jaguar Land Rover Glen Cove,421
Performance Ford,421
Bell Ford,416
Hurd Auto Mall,415
Rallye Motors,414
Garber Chevrolet Highland,414
Yonkers Kia,411
Rochester Hills Chrysler Jeep Incorporated,410
Flood Ford of East Greenwich,410
Chapman Ford Chrysler Jeep Dodge Ram,410
Taylor Chrysler Dodge Jeep RAM,409
DCH Ford of Eatontown,404
Heritage Toyota Catonsville,402
Habberstad BMW,401
Empire Hyundai,401
Park Ave Acura,397
Lunghamer Buick GMC Inc.,397
Ray Laethem Motor Village,396
Mercedes-Benz of Fort Washington,394
Lundgren Honda of Auburn,394
Tom's Ford,393
Gettacar,392
Jones Family of Dealerships,392
Charlie's Chevrolet,391
i.g. Burton Chrysler Dodge Jeep,390
Route 46 Nissan,389
Auto Outlet,389
Brigham-Gill Chrysler Jeep Dodge,384
Herb Chambers Honda of Seekonk,384
Dean Sellers Ford Inc,383
Road Ready Used Cars,382
J&M Automotive,382
Ourisman Honda Of Laurel,380
Honda Cars Of Boston,379
Advantage Toyota,379
Criswell Chrysler Jeep Dodge RAM FIAT,378
Hank Graff Chevrolet Inc,377
Wiscasset Ford Inc,373
Manchester Honda,372
Herb Chambers Honda in Boston,372
Heritage Honda Bel Air,371
Auto Lenders Princeton,371
Currie Motors Ford of Frankfort,371
Heritage Hyundai Towson,368
Hyundai of South Brunswick,367
Norris Ford,366
Bill Page Honda,366
Planet Subaru,365
Bergey's Chevrolet,364
Chesrown Chevrolet Buick GMC,363
"Dave White Chevrolet, Inc.",363
O'Neil Nissan,362
O'Donnell Honda,362
Suburban Subaru,361
Chevrolet of Milford,360
Metro Ford Sales Inc.,358
Gary Rome Hyundai,358
Rockland Hyundai,356
Sansone Jr's,354
Art Hill Ford Lincoln Mazda,354
Sport Chevrolet,353
Ourisman Hyundai of Bowie,353
McGee Chevrolet of Raynham,353
Landmark Honda,350
Kelly Jeep Chrysler,350
Copeland Toyota,349
Star Lincoln,348
Imperial Chrysler Dodge Jeep Ram,348
Crowley Chrysler Dodge Jeep Ram,347
DePaula Ford Mazda,347
Coccia Ford Lincoln,347
Liccardi Ford Lincoln,346
Westbury Toyota,346
Auto Lenders Exton,346
Patriot Subaru,344
Tate Dodge Chrysler Jeep,343
Bosak Motors,343
Elder Ford,342
Koons Annapolis Toyota,341
Seelye Ford of Kalamazoo,340
Levittown Ford,340
Wes Greenway's Alexandria Volkswagen,340
Westboro Toyota,339
Jim Riehl's Friendly Cadillac Honda,338
Szott Ford,338
Springfield Acura,337
Boulevard Ford Lincoln,336
Biener Audi,336
i.g. Burton Lewes Automall,336
Keeler Honda,334
Conicelli Nissan,334
Zappone Chrysler Jeep Dodge Ram,333
BMW Mini of Freeport,333
Winner Ford Hyundai,331
Middletown Nissan,331
Colonial Subaru,330
Imperial Chevrolet,330
Lee Dodge Chrysler Jeep,329
Fuccillo Kia of Schenectady,329
Cherry Hill Dodge Chrysler Jeep RAM,329
Moran Buick GMC,329
Auto Lenders Egg Harbor Township,329
DCH Brunswick Toyota,328
Honda of Champaign,328
Hyundai of Paramus,328
Armory Chrysler Dodge Jeep Ram Fiat of Albany,327
Bical Auto Mall,327
Jeffrey Automotive Group,326
Subaru Stamford,326
Hartford Toyota Super Store,325
All American Ford of Paramus,325
Hudson Hyundai,325
Tamaroff Auto Group,324
Quality Chevrolet Buick GMC,323
Imperial Hyundai,323
Atamian Honda,322
Apple Honda,322
Koons Arlington Toyota,320
Loehmann Blasius Chevrolet Cadillac,320
Bright Bay Auto Group,319
DARCARS Chrysler Jeep Dodge of Rockville,319
Al Packer White Marsh Ford,317
GR Auto Gallery,317
Skalnek Ford Inc,317
Mike Anderson Chevrolet of Merrillville,316
Balise Toyota Springfield,315
Millennium Chevrolet,314
Sloane Toyota of Philadelphia,314
Destination Nissan,314
Koons Clarksville Chevrolet Buick GMC,313
Generation Kia,313
Steven's Ford,313
Auto Lenders of Williamstown,313
Acton Toyota of Littleton,312
Bob Ruth Ford,312
Cole Nissan,312
Sansone Auto Group,312
Coleman Buick GMC Cadillac,312
Nissan of Atlantic City,312
Herb Chambers Honda of Westborough,311
Turnersville Chrysler Jeep Dodge Ram,311
Auto Park Buick GMC - Plymouth,311
Balise Honda of West Warwick,310
Mercedes Benz of Burlington,310
Victory Mitsubishi,310
Heidebreicht Chevrolet,310
Celebration Kia,309
Hudson Honda,309
Honda of Owings Mills,309
Bobby Rahal Toyota,309
Cambridge Honda,308
DCH Freehold Toyota,308
Prestige Collection,307
Lester Glenn Hyundai,307
Toyota of Bowie,306
CarMax Tinley Park - Now offering Curbside Pickup,306
Lexus of Watertown,306
Honda of Freehold,305
Team Toyota of Glen Mills,305
Copeland Chevrolet,305
Holman Ford Lincoln,304
Portsmouth Chevrolet,304
O'Neil Buick GMC,303
Central Avenue Chrysler Jeep,303
Phillips Chevrolet of Lansing,303
Acura of Ramsey,302
Wally Edgar Chevrolet,301
Baron Honda,301
Yankee Ford of South Portland,301
Miller Motorcars,299
Silko Honda,299
Sloane Toyota of Malvern,298
Boch Toyota,298
BMW of Mount Laurel,298
Shuman Chrysler Dodge Jeep Ram,297
Twin City Subaru,297
All American Ford & Subaru of Old Bridge,296
Bob Davidson Ford Lincoln,296
Lexus of Englewood,296
Berlin City Honda of Portland,296
Jaguar Land Rover Huntington,295
Malouf Ford,295
Highline Car Connection,294
Herb Chambers Ford of Braintree,294
Schepel Buick GMC,294
Paul Miller Honda of West Caldwell,293
Cranbury Buick GMC,293
Boch New to You,292
Avon Auto Brokers,292
Bob Bell Nissan Kia of Baltimore,291
Kingston Nissan,290
Holman Toyota,290
Maple Hill Auto Group,289
Brandfon Honda,289
Lexus of Brooklyn,288
Brown's Arlington Honda,287
DCH Montclair Acura,287
Mohawk Honda,286
Herb Chambers BMW of Boston,286
Prestige Toyota,286
Allen Mello CDJR of Nashua,285
Grand Prize Auto,285
Plaza Auto Mall,285
Wide World BMW,285
Vic Canever Chevrolet,284
The Highline Group,283
Heritage Chrysler Dodge Jeep Ram Toyota of Harrisburg,283
Prestige Volvo,283
Nissan of South Holland,281
Johnson Chrysler Dodge Jeep Ram,281
Peters Honda of Nashua,281
Platinum Preowned LLC,280
East Hills Chevrolet of Freeport,280
Handy Toyota,280
New Rochelle Hyundai,279
Bald Hill Kia,279
Bay Ridge Nissan,278
Burlington Chevrolet,278
Thompson Toyota,276
AutoMax Preowned Framingham,276
Castle Chevrolet North of Elk Grove Village,276
Holman Ford Lincoln Turnersville,276
Ballas Buick GMC,276
Auto Express,275
Bergey's Buick GMC,275
Burlington Subaru,275
Prime Acura,275
Quality Chevrolet,275
Lia Nissan of Colonie,275
McGovern Ford,274
Jaguar Land Rover Parsippany,274
Bell Audi,274
Buhler and Bitter,274
South Suburban Mitsubishi,274
Kelly Nissan,274
Heritage Mazda Bel Air,274
Prime Honda - Boston,273
Chevy Chase Acura,273
Mohawk Chevrolet,273
Goss Dodge Chrysler Ram Jeep,272
CarMax White Marsh - Now offering Curbside Pickup,272
Empire Chevrolet of Huntington,271
KC Summers Toyota Buick GMC Hyundai,271
Paul Masse Chevrolet East Providence,271
Towne Toyota,271
Mercedes-Benz of White Plains,270
Car Revolution,270
Princeton Audi VW,269
Honda North,269
Mahwah Ford,268
Twin City Dodge Chrysler,268
Liberty Honda,268
Barlow Chevrolet,268
Empire Ford of New Bedford,268
Gengras Chrysler Dodge Jeep Ram,267
Autoserv of Tilton,267
Mike Raisor Auto Group,267
Boch Toyota South,266
Twin Pine Ford,266
Team Honda,266
PA Auto Sales.com,266
Kelly Mitsubishi,266
Mercedes-Benz of Westwood,265
Fette Ford Kia,264
Palace Chrysler Dodge Jeep Ram,264
Manchester City Nissan,264
Smythe Volvo,263
Jim Riehl's Friendly Lapeer Chrysler Jeep,263
Cargill Chevrolet,262
Prime Toyota Route 2,262
Passport BMW,262
DeFouw Chevrolet BMW,262
Mercedes-Benz of Boston,261
Ruge's Automotive,261
Executive Nissan Jeep,261
DARCARS Chrysler Jeep Dodge of New Carrollton,261
Circle Buick GMC,261
Plaza Ford,261
Richard Chevrolet,260
Grieco Toyota,260
Toyota of Smithfield,260
Scranton Buick GMC Cadillac,260
Koons Ford of Annapolis,259
BMW of Alexandria,259
Route 23 Kia,259
Heritage Chevrolet Buick of Owings Mills,259
Colonial Honda of Dartmouth,259
Castle Ford-Lincoln,259
Brooklyn Chrysler Jeep Dodge Ram,259
Grieco Hyundai of Johnston,258
Rockingham Honda,258
All American Ford of Hackensack,258
Boch Honda West,257
Open Road Chevrolet,256
Exotic Auto Group,255
Bob Bell Chevrolet of Bel Air,255
Barber Auto Group,255
Carman Ford Lincoln,255
Ira Toyota of Manchester,255
Southlake Automall,254
Biener Ford,254
Toyota of Southern Maryland,254
Lindsay Lexus of Alexandria,253
Grote Automotive,253
Bob Jeannotte Buick GMC,253
Harold Zeigler of Kalamazoo,253
Freehold Ford,253
Mercedes-Benz of Catonsville,253
Sutton Ford Lincoln,252
BMW of Bridgeport,252
Heritage Chrysler Jeep Dodge Ram Parkville,252
Chevrolet of Smithtown,251
Fieldhouse Ford Chrysler Dodge Jeep Ram,251
Dick Scott Chrysler Dodge Jeep Ram,251
Prime Honda 128,250
Gene Butman Ford Sales,250
Honda of Valley Stream,250
Sarant Cadillac,250
Axis Motorcars,250
Chevrolet of Homewood,249
Ingersoll Auto of Pawling,249
Bridgewater Kia,249
Heritage Mazda Towson,248
Sunrise Chevrolet,247
White Plains Buick GMC,247
Grieco Ford,247
Nissan of New Rochelle,247
Gengras Ford Lincoln,247
Toyota of Stamford,247
Wellesley Toyota,247
Herb Chambers Chevrolet of Danvers,247
Bill Page Toyota,247
Gerald Nissan of Naperville,246
Land Rover Norwood,246
Waterford Mitsubishi,246
Pepe INFINITI,245
Pearson Ford,245
Keene Dodge Chrysler Jeep Company,245
McGee Toyota of Dudley,244
Rodman Ford Sales,244
Summit Place Kia,244
St Clair Chevrolet Buick GMC,244
Tarbox Toyota,243
Jeff Schmitt Chevrolet South,243
Betten Imports,243
Champaign Ford City Lincoln,243
Toyota of Nashua,243
BMW Peabody,243
Stoneham Ford,242
Terryville Chevrolet,242
Atlantic Subaru,242
Stephen Auto Mall,242
Nissan of Huntington,241
Salvadore Auto Group,241
Herb Chambers Lexus,240
Harold Zeigler Chrysler Dodge Jeep of Plainwell,240
Bob Maxey Ford Incorporated,240
Colonial Hyundai of Downingtown,240
Jack Daniels Volkswagen,239
Tasca Chrysler Jeep Dodge Ram Fiat,238
Ray Catena Lexus of Freehold,238
Circle Infiniti,238
Mitchell Auto Group,238
Tom Wood Nissan,238
Route 18 Chrysler Jeep Dodge Ram,238
Premier Subaru,237
Herb Connolly Hyundai,237
Central Chevrolet Inc,237
Cherry Hill Mitsubishi,236
Berlin City Toyota of Portland,235
Webb Hyundai Highland,235
Monaco Ford,235
Millennium Toyota,235
Legend Nissan,235
BMW MINI of Annapolis,235
Smithtown Toyota,235
Stetler Dodge Chrysler Jeep Ram,234
Montgomeryville Nissan,234
Milford Nissan,234
Herb Chambers Chrysler Jeep Dodge RAM FIAT of Danvers,234
Marlboro Nissan,233
Tulley of Nashua,233
Blasius Pre-Owned Auto Sales,233
Ourisman Chrysler Dodge Jeep RAM of Bowie,233
Dave McDermott Chevrolet,233
J & S AutoHaus - Ewing,233
AutoFair Nissan of Chelmsford,232
Empire Toyota of Huntington,232
Sheehy Hyundai,232
Ciocca Honda,232
World Hyundai Matteson,231
Del Toyota,231
Ourisman Chevrolet of Marlow Heights,230
Bedard Bros Auto Sales,230
Vermilion Chevrolet Buick GMC,230
Tri City Subaru,230
Fuccillo Lincoln Hyundai,230
Kia of Attleboro,230
Grand Blanc Mitsubishi,229
Faulkner Nissan,229
Colonial South Chrysler Jeep Dodge,229
Ourisman Volkswagen Volvo of Bethesda,228
JBA Chevrolet,228
Autobahn USA,228
Ourisman Chevrolet of Rockville,227
Prestige Lexus,227
Hamilton Imports,227
Champion Chevrolet of Howell,227
Lester Glenn Chrysler Dodge Jeep RAM FIAT,227
DARCARS Chrysler Dodge Jeep Ram of Silver Spring,227
Courtesy Motors,227
Sheehy Nissan of Glen Burnie,226
Boch Chevrolet,226
Lincoln Of Wayne,226
Clay Subaru,226
DARCARS Toyota of Baltimore,225
Jannell Ford of Hanover,225
Sport Hyundai Dodge,225
Queens Auto Mall,225
Rockland Motors,224
Page Honda Bloomfield,224
Jack Daniels Kia,224
Greg Hubler Ford,224
East Hills Chevrolet of Douglaston,224
Mercedes-Benz of Fairfield,224
Competition BMW of Smithtown,223
Branhaven Chrysler Jeep Dodge,223
Mercedes-Benz of Smithtown,223
Springfield Buick GMC,223
Herb Chambers BMW of Sudbury,223
Kelly Nissan of Lynnfield,223
Lou Lariche Chevrolet,223
Royal Buick GMC,223
Concordville Nissan,222
Ourisman Lexus of Rockville,222
Paul Masse Buick Gmc South,222
Atlantic Auto Sales,222
Heritage Chrysler Jeep Dodge Owings Mills,222
Tony Mangino Mitsubishi,222
Napleton's River Oaks Honda,221
Daniels BMW,221
Prime Chrysler Dodge Jeep Ram Saco,221
Flemington Buick GMC Chevrolet Cadillac,221
Haldeman Ford,220
Franklin Ford,220
Avis Car Sales - Natick,220
Honda of Plymouth,220
Acura of Valley Stream,220
Sentry Ford Lincoln,220
Rockland Ford,220
Peruzzi Toyota,220
Ford of Londonderry,220
La Porte Chrysler Dodge Jeep Ram,219
Chapman Northeast Ford Volkswagen,219
John Kennedy Ford of Pottstown,218
Audi Burlington,218
Mazda of Lodi,218
Bargain Cars US,218
Hessert Chevrolet,218
Bob Rohrman Subaru,217
Bertera Nissan,217
Castle Chevrolet,217
Bob Bell Chevrolet,217
BMW of Newton,217
Route 33 Nissan,217
Brooklyn Mitsubishi,217
Best Chevrolet,216
Garavel Subaru,216
Stevens Ford of Milford,216
LaFontaine Chrysler Dodge Jeep Ram of Fenton,216
Lindsay Cadillac,216
Empire Chrysler Jeep Dodge Ram of West Islip,216
Peters Nissan of Nashua,216
Bob Rohrman Kia,216
Central Ave Nissan,216
Executive Honda,215
Colonial Cadillac,215
Hertz Car Sales Baltimore,215
Metro Honda,215
Shaker's Family Hyundai,215
Prime Ford - Auburn,215
Atlantic Toyota,215
Acura of Bay Shore,214
Bertera Subaru,214
BMW of Shrewsbury,214
Route 9 Mazda,214
MacMulkin Chevrolet Cadillac Corvette,213
DARCARS Honda,213
Prime Toyota - Saco,213
Henkel Auto Group,213
Gates Toyota,212
Pacifico Ford,212
Jordan Ford,212
Waldorf Toyota,212
Bob Rohrman Toyota,212
Hertz Car Sales Lynn,212
Kia of Muncie,212
Lucas Chevrolet,212
Colonial Volkswagen,211
First Hyundai,211
Elmwood Chrysler Dodge Jeep Ram,210
Lamoille Valley Ford Incorporated,210
Rensselaer Honda,210
Brattleboro Subaru,210
Baron Nissan,210
Davis Acura,210
Euro Motorcars Bethesda,209
Riverhead Toyota,209
Allentown Kia,209
Dover Honda,209
Bill Vince's Bridgewater Acura,209
Shaker Family Ford Lincoln,209
Mike Savoie Chevrolet,209
Nissan of Lafayette,209
Boch Nissan South,209
Brogan Cadillac,208
Riverhead Ford Lincoln Buick GMC,208
Kelly Honda,208
Brown Daub Chrysler Jeep Dodge RAM,208
Kokomo Auto World,207
Imlay City Ford,207
Audi Shrewsbury,207
Ford Lincoln of Queens Boulevard,207
Wow Toyota of Wallingford,207
Gengras Chevrolet,207
Tasca Ford Mazda Seekonk,207
Bosak Nissan,207
Rick Ridings Ford,207
Lexus of Arlington,207
Lake Shore Ford Toyota,206
Faulkner Honda,206
Whaling City Ford Lincoln Mazda,206
Bergey's Chrysler Jeep Dodge Ram,206
Manfredi Chevrolet,206
Herb Connolly Chevrolet,206
Chrysler Jeep Dodge Ram 24,205
Napleton's River Oaks Chrysler Jeep Dodge Ram,205
Central Chrysler Jeep Dodge of Raynham,205
Herb Chambers Ford of Westborough,205
Crippen Buick GMC Mazda Volvo,205
Warsaw Buick GMC Chrysler Dodge Jeep Ram,204
DCH Millburn Audi,204
MetroWest Subaru,204
Prestige Cadillac,204
Acme Nissan,204
BMW of Ridgefield,204
Mcgee Toyota of Claremont,204
Midway Automotive,203
Ron Bouchard's Honda Store,203
Open Road Acura of East Brunswick,203
Prime Honda - Saco,203
Audi Manhattan,203
Faulkner Buick GMC of West Chester,202
Porter Nissan Infiniti,202
Kelly Ford,202
Crestview Cadillac Inc,202
Szott M-59 Chrysler Jeep,202
Vicksburg Chrysler Dodge Jeep Ram,201
Manahawkin Chrysler Jeep Dodge Ram,201
Fitzgerald Cadillac Annapolis,201
Saratoga Ford Subaru,201
Audi Westwood,201
Preston Chevrolet of Aberdeen,201
Sheridan Nissan,200
World Class Automobiles,200
Summit City Chevrolet,200
Papa's Chrysler Dodge Jeep,200
Volvo Cars of Manhattan,200
Kia of East Hartford,200
Curry Chevrolet,200
Key Chrysler Dodge Ram of Portsmouth,199
Flood Ford Lincoln of Narragansett,199
Magic Auto Sales,199
Tom Wood Toyota,199
Jaguar Land Rover Bethesda,199
Gaven Auto Group,198
McGee Toyota of Hanover,198
Geneva Foreign & Sports,198
Sheridan Ford Sales,198
Ourisman Chevrolet Baltimore,197
Koons Volvo of Owings Mills,197
Dip's Luxury Motors,197
Harte Nissan,197
Mall Chevrolet,196
NorthStar Kia,196
Golling Toyota,196
Valenti AutoCenter,196
Criswell Nissan,196
Lia Hyundai of Albany,195
Fox Toyota Volkswagen of Rochester Hills,195
Jim Coleman Infiniti,195
BMW of Silver Spring,195
Faulkner Toyota Trevose,195
Winner Ford,194
Bob Bell Ford Hyundai,194
Newport Chevrolet Buick GMC,193
Toyota of Watertown,193
Herb Connolly Acura of Framingham,193
Seymour Ford Lincoln,193
Sawyers Chevrolet,192
Lincoln of Troy,192
Lilliston Chrysler Dodge Jeep Ram,192
Lester Glenn Chevrolet,192
Nissan of Yorktown Heights,192
Tulley BMW of Nashua,192
New Country Toyota of Clifton Park,192
Mercedes-Benz of Alexandria,191
Bruce Bennett Nissan,191
O'Daniel Ford,191
Nissan 24,191
AMG Auto,191
Lakeview Ford Lincoln,191
Portsmouth Used Car Center,191
Bryner Chevrolet,191
Ciocca Honda of Williamsport,191
Sayville Ford Sales,190
Hampstead Preowned Auto Sales,190
Route 44 Toyota,190
Sullivan-Parkhill Automotive,190
Bellavia Chevrolet Buick,190
Madison Honda,190
Larson Ford,190
Bergey's Ford of Ambler,190
Jim Winter Auto Group,190
Ourisman Chevrolet of Bowie,190
Open Road Volkswagen Manhattan,190
Watertown Ford,189
Sullivan's Northwest Hills Chevy Cadillac Buick GMC,189
Berlin City Nissan of Portland,189
Bill DeLuca Chrysler Jeep Dodge,189
Mercedes-Benz of Flemington,189
Open Road Mazda of Morristown,189
Lucas Ford,189
Koons Easton Toyota,189
Grand Ledge Ford Lincoln,188
Balise Hyundai,188
Koons White Marsh Chevrolet,188
Smithtown Kia,188
Bill Dodge Auto Group - Westbrook,188
Hertrich's Frederick Ford,188
Terry's Ford of Peotone,188
Tom Kelley Chevrolet Buick,188
Nemer Volkswagen,187
Colonial Ford Marlboro,187
Carbone Subaru,187
Castle Subaru,187
Audi Hawthorne,187
Volkswagen of Hartford,187
Upper Valley Honda,187
Key Hyundai of Salem,186
Brown's Toyota of Glen Burnie,186
Top Line Import of Methuen,186
Monadnock Ford,185
Fairfield's Cadillac & Buick GMC,185
Garvey Hyundai North,184
Hertrich Nissan,184
Bay Ridge Hyundai,184
AutoFair Ford of Haverhill,184
Charlie's Honda,184
Viti Mercedes-Benz,184
Bay Ridge Chevrolet,184
Prime Toyota - Boston,184
James CDJR Cedar Lake,184
Bourne's Auto Center,184
Sansone's Route 1 Toyota,183
Carman Chrysler Jeep Dodge,183
Spartan Toyota,183
Ciocca Hyundai,183
Casco Bay Ford,183
Herson's Kia,183
Autosaver Ford,183
European Masters,183
Heritage Volkswagen Parkville,183
Passport INFINITI of Suitland,183
Northgate Ford,183
Interstate Toyota,182
Toyota of Bennington,182
Lia Honda of Enfield,182
Tasca Kia,182
Emerson Chevrolet Buick,182
Webb Hyundai Merrillville,182
Audi Brookline,182
Your Choice Autos - Posen,181
Erhard BMW of Farmington Hills,181
MINI of Alexandria,181
Flawless Auto Mall,181
Audi of Nashua,181
Herb Chambers Hyundai of Auburn,181
Metro Toyota,181
Auto Direct Cars LLC,180
Burke Motor Group,180
Hertz Car Sales Smithtown,180
Pacifico Mazda Hyundai,180
Mastria Buick GMC,180
Mercedes-Benz of Silver Spring,180
Continental Toyota,180
Ourisman Chrysler Jeep Dodge RAM,179
McGuire Buick GMC,179
Advantage Toyota of River Oaks,179
Open Road Mazda of East Brunswick,179
Garvey Hyundai,179
Key Ford of York,178
Somersworth Nissan,178
CarMax Danvers - Now offering Curbside Pickup,178
Chapman Ford Lincoln Mazda,178
Safford Ford Lincoln of Salisbury,178
Devon Nissan,178
Rallye Lexus,178
Lawless Chrysler Jeep Dodge Ram,177
Framingham Ford,177
Volvo Cars Westport,177
Grappone Automotive Group,177
Competition Subaru of Smithtown,177
Freedom Nissan,176
North End Subaru Mazda,176
Bill Dodge Auto Group - Saco,176
Hyannis Toyota,176
Page Toyota,176
Prime Subaru Manchester,176
Watseka Ford Lincoln,176
Groulx Automotive Buick GMC,175
Nissan of Queens,175
Boch Nissan,175
Audi Creve Coeur,175
Merlex Auto Group,175
St Marys Chrysler Dodge Jeep Incorporated,175
City World Ford,175
INFINITI of Englewood,175
Volvo Cars Plymouth,175
Route 6 Automall Kia,175
Bob Rohrman Hyundai,174
Keenan Motors,174
Graff Chevrolet Okemos,174
Central Maine Toyota,174
Autofair Volkswagen,174
Bergey's Lincoln,174
Village Subaru/Pre-Owned Plus,174
South Shore Nissan,174
National Motors - Ellicott City,174
CarMax Turnersville - Now offering Curbside Pickup,173
DiFeo Kia,173
Fort Wayne Kia,173
Trust Auto,173
Reichard Buick GMC,173
Lilliston Ford,173
CarMax Merrillville - Now offering Curbside Pickup,173
Fletcher Jones Audi,173
Riverdale Chrysler Jeep Dodge Ram,173
Honda of Toms River,172
Hertrich Chrysler Dodge Jeep Ram of Elkton,172
McFarland Ford Sales Inc,172
BMW of Reading,172
Fuccillo Ford of East Greenbush Incorporated,172
Faulkner Buick GMC Trevose,172
Volvo Huntington,172
Planet Honda,172
Genesis Alfa Romeo Fiat,172
Rosenthal Chevrolet,172
Saint J Subaru,171
Gold Coast Maserati Alfa Romeo,171
Len Stoler Ford,171
Port City Nissan,171
Executive Chevrolet,171
Bob Rohrman Subaru of Fort Wayne,171
Reynolds Subaru,171
Deluxe Auto Sales of Linden,171
Lucas Ford Lincoln,171
Diver Chevrolet,171
Ourisman Volkswagen of Laurel,170
Central Maine Chrysler Dodge Jeep,170
Holman Cadillac,170
Easterns Automotive Group of Baltimore,170
Spitzer Motors - Mansfield,170
Holmgren Subaru Inc,169
Prime Buick GMC,169
Lynch Toyota,169
Nissan of Keene,169
Durand Chevrolet,169
Meade Lexus of Southfield,169
Wiz Autos,169
Prime Ford - Saco,169
Center Subaru Inc,169
AutoPROVED,169
North End Motors,169
Acura of Wappingers Falls,168
BMW of Catonsville,168
Bill Dodge Auto Group - Brunswick,168
Mirak Chevrolet,168
Kelly Volkswagen,168
Eriks Chevrolet,168
Open Road Subaru,168
900Hertrich Acura,167
Tasca Ford Berlin,167
Acton Chrysler Dodge Jeep Ram,167
Passport Nissan of Alexandria,167
Goldstein Subaru of Albany,167
Taj Auto Mall,166
Mercedes-Benz of Hanover,166
Exeter Subaru Inc,166
Mercedes-Benz of Shrewsbury,166
